{"cameraMode":{"drawMode":0,"name":"Shaded","section":"Shading Mode"},"sceneLighting":true,"audioPlay":false,"sceneViewState":{"m_AlwaysRefresh":false,"showFog":true,"showSkybox":true,"showFlares":true,"showImageEffects":true,"showParticleSystems":true,"showVisualEffectGraphs":true,"m_FxEnabled":true},"in2DMode":false,"pivot":{"x":73.73056030273438,"y":22.338029861450197,"z":-22.237524032592775},"rotation":{"x":0.23149453103542329,"y":0.07433480769395828,"z":-0.017741167917847635,"w":0.9698370099067688},"size":5.572422027587891,"orthographic":false}